[
    { "term": "DRS (Drag Reduction System)", "definition": "추월을 돕기 위해 리어 윙의 각도를 조절하여 공기 저항을 줄이는 시스템입니다. 지정된 DRS 존에서 앞차와의 간격이 1초 이내일 때 사용할 수 있습니다." },
    { "term": "피트 스톱 (Pit Stop)", "definition": "레이스 도중 타이어를 교체하거나 차량을 수리하기 위해 피트로 들어오는 것입니다. 1~2초 만에 타이어 4개를 교체하는 빠른 작업이 특징입니다." },
    { "term": "폴 포지션 (Pole Position)", "definition": "예선(퀄리파잉)에서 1위를 차지한 드라이버가 결승 레이스를 가장 앞에서 출발하는 위치를 말합니다." },
    { "term": "슬립스트림 (Slipstream)", "definition": "앞서가는 차의 바로 뒤에 붙어 공기 저항을 줄여 속도를 높이는 기술입니다. '토우(Tow)'라고도 불립니다." },
    { "term": "언더스티어 (Understeer)", "definition": "코너를 돌 때 스티어링 휠을 돌린 것보다 차가 덜 꺾이는 현상입니다. 보통 '차가 코너 바깥으로 밀린다'고 표현합니다." },
    { "term": "오버스티어 (Oversteer)", "definition": "코너를 돌 때 스티어링 휠을 돌린 것보다 차가 더 많이 꺾이는 현상입니다. 심하면 차가 스핀할 수 있습니다." },
    { "term": "그레이닝 (Graining)", "definition": "타이어 표면이 마모되면서 작은 고무 조각들이 뭉쳐 접지력이 떨어지는 현상입니다. 타이어 관리가 중요합니다." },
    { "term": "블리스터링 (Blistering)", "definition": "타이어 내부의 과도한 열로 인해 표면에 물집처럼 기포가 생기는 현상입니다. 타이어 수명과 성능을 급격히 저하시킵니다." },
    { "term": "퀄리파잉 (Qualifying)", "definition": "결승 레이스의 출발 순서를 정하기 위한 예선 세션입니다. Q1, Q2, Q3 세 단계로 진행되며, 가장 빠른 랩 타임을 기록하는 것이 목표입니다." },
    { "term": "랩 타임 (Lap Time)", "definition": "서킷 한 바퀴를 도는 데 걸리는 시간입니다." },
    { "term": "섹터 (Sector)", "definition": "서킷 한 랩을 세 구간으로 나눈 것입니다. 각 드라이버의 섹터별 기록을 통해 어느 구간에서 빠르거나 느린지 분석할 수 있습니다." },
    { "term": "포디움 (Podium)", "definition": "레이스에서 1, 2, 3위를 차지한 드라이버들이 올라서는 시상대를 의미합니다." },
    { "term": "체커드 플래그 (Chequered Flag)", "definition": "레이스의 종료를 알리는 흑백 격자무늬 깃발입니다." },
    { "term": "포메이션 랩 (Formation Lap)", "definition": "레이스 시작 직전, 모든 차가 그리드 순서대로 서킷을 한 바퀴 도는 것입니다. 타이어와 브레이크를 예열하는 목적이 있습니다." },
    { "term": "세이프티 카 (Safety Car)", "definition": "사고나 악천후 등 위험한 상황이 발생했을 때, 모든 레이스카를 선도하며 속도를 제어하는 차량입니다." },
    { "term": "버추얼 세이프티 카 (VSC)", "definition": "실제 세이프티 카가 나오기에는 경미한 상황일 때, 모든 드라이버가 정해진 속도 이하로 주행하도록 통제하는 시스템입니다." },
    { "term": "다운포스 (Downforce)", "definition": "차체를 아래로 누르는 공기의 힘입니다. 다운포스가 강할수록 코너링 속도가 빨라집니다." },
    { "term": "에이펙스 (Apex)", "definition": "코너의 가장 안쪽 지점을 말합니다. 가장 효율적인 코너링을 위해 에이펙스를 어떻게 공략하는지가 중요합니다." },
    { "term": "레드 플래그 (Red Flag)", "definition": "큰 사고나 심각한 문제로 인해 레이스를 즉시 중단해야 할 때 나오는 깃발 신호입니다." },
    { "term": "옐로우 플래그 (Yellow Flag)", "definition": "트랙 위에 위험 요소(사고 차량, 파편 등)가 있음을 알리는 깃발입니다. 이 구간에서는 추월이 금지됩니다." },
    { "term": "그린 플래그 (Green Flag)", "definition": "위험 상황이 해제되어 레이스를 정상적으로 재개해도 좋다는 신호입니다." },
    { "term": "블루 플래그 (Blue Flag)", "definition": "한 랩 이상 뒤처진 드라이버에게 더 빠른 차가 뒤따라오고 있으니 길을 비켜주라는 신호입니다." },
    { "term": "타이어 컴파운드 (Tyre Compound)", "definition": "타이어의 고무 재질을 의미합니다. 소프트(빨강), 미디엄(노랑), 하드(하양) 등 종류에 따라 접지력과 내구성이 다릅니다." },
    { "term": "슬릭 타이어 (Slick Tyre)", "definition": "마른 노면에서 사용하는 표면에 무늬가 없는 타이어입니다. 접지 면적을 최대로 하여 최고의 성능을 냅니다." },
    { "term": "인터미디어트 타이어 (Intermediate Tyre)", "definition": "살짝 젖은 노면이나 비가 약하게 내릴 때 사용하는 타이어입니다. 초록색 띠로 구분합니다." },
    { "term": "웻 타이어 (Wet Tyre)", "definition": "비가 많이 내리는 상황에서 사용하는 타이어입니다. 깊은 홈이 있어 배수 성능이 뛰어납니다. 파란색 띠로 구분합니다." },
    { "term": "그리드 (Grid)", "definition": "퀄리파잉 순서에 따라 결승 레이스 시작 전 차들이 정렬하는 출발 위치를 말합니다." },
    { "term": "패독 (Paddock)", "definition": "팀 트럭, 장비, 호스피탈리티 시설 등이 위치한 서킷 내의 제한 구역입니다. 팀 관계자들의 업무 공간입니다." },
    { "term": "피트 레인 (Pit Lane)", "definition": "피트 스톱을 위해 차들이 드나드는 통로입니다. 안전을 위해 엄격한 속도 제한이 있습니다." },
    { "term": "스티어워드 (Steward)", "definition": "레이스 규칙 위반 여부를 판단하고 페널티를 부과하는 심판단을 의미합니다." },
    { "term": "페널티 (Penalty)", "definition": "규칙 위반 시 부과되는 벌칙입니다. 시간 추가, 드라이브 스루, 스톱-고 페널티 등 다양한 종류가 있습니다." },
    { "term": "드라이브 스루 페널티 (Drive-Through Penalty)", "definition": "피트 레인을 정해진 속도로 통과해야 하는 벌칙입니다. 피트 스톱 없이 그대로 지나갑니다." },
    { "term": "스톱-고 페널티 (Stop-Go Penalty)", "definition": "자신의 피트 박스에 정해진 시간(주로 10초) 동안 정차했다가 출발해야 하는 강력한 페널티입니다." },
    { "term": "컨스트럭터 (Constructor)", "definition": "F1에 참가하는 팀(제조사)을 의미합니다. 드라이버 챔피언십과 별개로 컨스트럭터 챔피언십이 열립니다." },
    { "term": "섀시 (Chassis)", "definition": "엔진, 변속기, 서스펜션 등이 장착되는 차량의 기본 골격을 말합니다." },
    { "term": "에어로다이내믹스 (Aerodynamics)", "definition": "공기역학. F1 차량의 성능에 가장 큰 영향을 미치는 요소 중 하나로, 공기의 흐름을 제어하여 다운포스를 만들고 저항을 줄이는 기술입니다." },
    { "term": "엔드플레이트 (Endplate)", "definition": "프론트 윙과 리어 윙의 양쪽 끝에 달린 수직 판입니다. 공기 흐름을 제어하는 중요한 역할을 합니다." },
    { "term": "디퓨저 (Diffuser)", "definition": "차량 하부 뒤쪽에 위치하여 공기를 빠르게 배출시켜 다운포스를 생성하는 핵심 부품입니다." },
    { "term": "사이드포드 (Sidepod)", "definition": "차체 옆쪽에 위치하며, 라디에이터 등 냉각 장치를 감싸고 공기 흐름을 제어하는 부분입니다." },
    { "term": "서스펜션 (Suspension)", "definition": "노면의 충격을 흡수하고 타이어가 항상 지면에 붙어있도록 하는 장치입니다. 차량의 안정성과 직결됩니다." },
    { "term": "코크 보틀 존 (Coke Bottle Zone)", "definition": "차량 뒷부분이 콜라병처럼 잘록하게 들어간 영역을 말합니다. 공기역학적으로 매우 중요한 부분입니다." },
    { "term": "파워 유닛 (Power Unit)", "definition": "F1 차량의 동력원으로, 내연 기관 엔진과 에너지 회수 시스템(ERS)이 결합된 하이브리드 시스템입니다." },
    { "term": "ERS (Energy Recovery System)", "definition": "제동 시 발생하는 열에너지(MGU-K)와 배기가스의 열에너지(MGU-H)를 전기 에너지로 회수하여 저장했다가 추가 출력으로 사용하는 시스템입니다." },
    { "term": "MGU-K (Motor Generator Unit - Kinetic)", "definition": "운동 에너지 회생 장치. 브레이크를 밟을 때 발생하는 에너지를 전기 에너지로 변환하여 배터리에 저장합니다." },
    { "term": "MGU-H (Motor Generator Unit - Heat)", "definition": "열에너지 회생 장치. 터보차저의 터빈에서 발생하는 배기가스의 열과 압력을 전기 에너지로 변환합니다." },
    { "term": "터보 래그 (Turbo Lag)", "definition": "가속 페달을 밟았을 때 터보차저가 작동하기까지 약간의 지연 시간이 발생하는 현상입니다. MGU-H가 이를 줄여줍니다." },
    { "term": "리프트 앤 코스트 (Lift and Coast)", "definition": "연료를 아끼기 위해 직선주로 끝에서 일찍 가속 페달에서 발을 떼고 관성으로 주행하다가 브레이크를 밟는 기술입니다." },
    { "term": "박스 (Box, Box, Box)", "definition": "팀에서 드라이버에게 피트 스톱을 하라고 지시하는 무선 교신 용어입니다." },
    { "term": "아웃 랩 (Out Lap)", "definition": "피트에서 나와 트랙에 복귀한 후 처음으로 도는 랩입니다. 차가운 타이어 때문에 주행에 주의가 필요합니다." },
    { "term": "인 랩 (In Lap)", "definition": "피트로 들어가기 직전에 도는 마지막 랩입니다. 보통 최대한 빠른 속도로 달려 피트 스톱 시간을 최소화하려 합니다." },
    { "term": "플라잉 랩 (Flying Lap)", "definition": "퀄리파잉에서 기록 측정을 위해 전력으로 달리는 랩을 의미합니다." },
    { "term": "텔레메트리 (Telemetry)", "definition": "차량의 각종 센서에서 수집된 속도, RPM, 기어, 온도 등 수백 가지 데이터를 실시간으로 피트로 전송하는 시스템입니다." },
    { "term": "그랑프리 (Grand Prix)", "definition": "F1 월드 챔피언십의 각 라운드를 칭하는 말로, 프랑스어로 '대상'을 의미합니다." },
    { "term": "FIA (Fédération Internationale de l'Automobile)", "definition": "국제자동차연맹. F1을 포함한 세계 대부분의 모터스포츠를 주관하고 규정을 제정하는 기구입니다." },
    { "term": "헤일로 (Halo)", "definition": "드라이버의 머리를 보호하기 위해 콕핏 주변에 설치된 T자 형태의 티타늄 구조물입니다." },
    { "term": "콕핏 (Cockpit)", "definition": "드라이버가 탑승하여 차량을 조종하는 공간입니다." },
    { "term": "G-포스 (G-Force)", "definition": "가속, 감속, 코너링 시 드라이버와 차량이 받는 중력 가속도를 의미합니다. F1 드라이버는 엄청난 G-포스를 견뎌냅니다." },
    { "term": "해트-트릭 (Hat-trick)", "definition": "한 레이스에서 폴 포지션, 우승, 패스티스트 랩을 모두 기록하는 것을 말합니다." },
    { "term": "그랜드 슬램 (Grand Slam)", "definition": "해트-트릭에 더하여, 레이스의 모든 랩에서 선두를 유지한 경우를 말하는 대기록입니다." },
    { "term": "패스티스트 랩 (Fastest Lap)", "definition": "결승 레이스에서 서킷 한 바퀴를 가장 빠른 시간으로 주파한 기록입니다. 10위 안에 든 드라이버가 기록하면 추가 1포인트를 얻습니다." },
    { "term": "백마커 (Backmarker)", "definition": "선두 그룹에 한 랩 이상 뒤처진 하위권 드라이버를 말합니다." },
    { "term": "휠-투-휠 (Wheel-to-wheel)", "definition": "두 대 이상의 차가 바퀴가 부딪힐 정도로 매우 가깝게 붙어 경쟁하는 상황을 묘사하는 말입니다." },
    { "term": "락업 (Lock-up)", "definition": "과도한 브레이킹으로 타이어가 구르지 않고 잠겨버리는 현상입니다. 타이어에 플랫 스팟을 유발하여 심한 진동을 일으킵니다." },
    { "term": "플랫 스팟 (Flat Spot)", "definition": "락업으로 인해 타이어의 특정 부분만 평평하게 마모된 자국을 말합니다." },
    { "term": "더티 에어 (Dirty Air)", "definition": "앞 차가 지나가면서 남기는 불규칙하고 불안정한 공기 흐름입니다. 뒤따르는 차는 더티 에어 때문에 다운포스를 잃어 코너링이 어려워집니다." },
    { "term": "클린 에어 (Clean Air)", "definition": "앞에 아무도 없는 상태에서 받는 깨끗하고 안정적인 공기 흐름입니다. 차량의 공기역학 성능을 100% 발휘할 수 있습니다." },
    { "term": "언더컷 (Undercut)", "definition": "경쟁자보다 먼저 피트 스톱하여 새 타이어의 빠른 속도를 이용해 순위를 역전하는 전략입니다." },
    { "term": "오버컷 (Overcut)", "definition": "경쟁자보다 늦게 피트 스톱하는 전략입니다. 닳은 타이어로 최대한 버티다가, 경쟁자가 피트인했을 때 트랙이 비어있는 상태에서 빠르게 달려 이득을 봅니다." },
    { "term": "시케인 (Chicane)", "definition": "긴 직선주로의 속도를 줄이기 위해 인위적으로 만든 S자 형태의 연속된 코너 구간입니다." },
    { "term": "헤어핀 (Hairpin)", "definition": "마치 머리핀처럼 생긴, 180도에 가까운 매우 느리고 급격한 코너입니다." },
    { "term": "연석 (Kerb/Curb)", "definition": "트랙의 경계를 나타내는 턱으로, 보통 빨간색과 흰색으로 칠해져 있습니다. 드라이버들은 기록 단축을 위해 연석을 적극적으로 활용합니다." },
    { "term": "런-오프 에어리어 (Run-off Area)", "definition": "안전을 위해 트랙 바깥쪽에 마련된 공간입니다. 차가 트랙을 벗어났을 때 안전하게 감속하고 정지할 수 있도록 돕습니다." },
    { "term": "그래블 (Gravel)", "definition": "런-오프 에어리어에 깔려 있는 자갈밭입니다. 트랙을 벗어난 차의 속도를 급격히 줄여주지만, 한번 빠지면 헤어나오기 어렵습니다." },
    { "term": "마샬 (Marshal)", "definition": "깃발 신호를 보내고 사고 처리를 돕는 등 레이스 진행을 돕는 현장 요원들입니다." },
    { "term": "파크 페르메 (Parc Fermé)", "definition": "퀄리파잉이 끝난 후부터 레이스 시작 전까지 차량을 보관하는 통제 구역입니다. 이 기간 동안 팀은 차량에 어떠한 주요 변경도 할 수 없습니다." },
    { "term": "티어-오프 (Tear-off)", "definition": "드라이버 헬멧 바이저에 붙이는 여러 겹의 투명 필름입니다. 주행 중 기름이나 먼지가 묻으면 한 겹씩 떼어내 깨끗한 시야를 확보합니다." },
    { "term": "플라잉 피니시 (Flying Finish)", "definition": "정지 상태가 아닌, 달리는 상태에서 결승선을 통과하여 랩 타임 측정을 마치는 방식입니다." },
    { "term": "KERS (Kinetic Energy Recovery System)", "definition": "ERS의 이전 버전 시스템으로, 운동 에너지만을 회수하여 사용했습니다." },
    { "term": "밸러스트 (Ballast)", "definition": "차량의 무게 균형을 맞추기 위해 특정 위치에 추가하는 무거운 추입니다. 차량의 총 무게는 규정에 따라 최소 무게 이상이어야 합니다." },
    { "term": "그라운드 이펙트 (Ground Effect)", "definition": "차량 하부와 지면 사이의 공간을 활용해 강력한 다운포스를 생성하는 공기역학 원리입니다. 벤츄리 터널을 통해 구현됩니다." },
    { "term": "포퍼싱 (Porpoising)", "definition": "고속 주행 시 다운포스가 급격히 증가했다가 사라지는 현상이 반복되면서 차체가 위아래로 심하게 튀는 현상입니다. 돌고래가 물 위를 뛰는 모습과 비슷해 붙여진 이름입니다." },
    { "term": "호스피탈리티 (Hospitality)", "definition": "패독에 위치한 각 팀의 휴게 및 접객 시설입니다. VIP 손님, 스폰서, 미디어를 대접하는 공간입니다." },
    { "term": "스쿠데리아 (Scuderia)", "definition": "이탈리아어로 '마구간'을 의미하며, 레이싱 팀을 뜻하는 말로 널리 쓰입니다. 특히 페라리 팀(스쿠데리아 페라리)을 지칭할 때 자주 사용됩니다." },
    { "term": "티포시 (Tifosi)", "definition": "이탈리아어로 페라리 팀의 열정적인 팬들을 의미하는 말입니다." },
    { "term": "오렌지 아미 (Orange Army)", "definition": "네덜란드 출신 드라이버인 막스 페르스타펜의 팬들을 지칭하는 말입니다. 그의 상징색인 주황색 옷을 입고 응원합니다." },
    { "term": "실리 시즌 (Silly Season)", "definition": "시즌 중반부터 다음 시즌의 드라이버 이적에 대한 루머와 추측이 무성해지는 시기를 말합니다." },
    { "term": "페이 드라이버 (Pay Driver)", "definition": "자신의 실력보다는 막대한 개인 스폰서십을 통해 팀의 시트를 확보한 드라이버를 다소 비판적으로 이르는 말입니다." }
]