{
  "oscar-piastri": "오스트렐리아 출신 \n2001년 4월 6월 출생",
  "lando-norris": "",
  "charles-leclerc": "모나코 출신\n F1의 미남중 한명.\n아버지가 돌아가시기 전에 f1팀과 계약했다고 거짓말 했지만, 그후 진짜로 f1팀과 계약햇지만 아버지는 보지 못하였다",
  "lewis-hamilton": "영국 출신\n1987년 1월 7일생\n 7번의 우승",
  "george-russell": "영국 출신\n",
  "kimi-antonelli": "이탈리아 출신\n2006년 8월 25일\n ",
  "max-verstappen": "네덜란드 출신 \n아버지(요스 베르스타펜), 어머니 모두 레이싱 선수이다.\n어릴떄 주유소에 버려진적이 있다.",
  "alexander-albon": "태국 출신 \n1996년 3월 23일 출생",
  "carlos-sainz": "스페인 출신\n1994년 9월 1일\n경기중 smooth operater라는 노래를 종종 부른다.",
  "lance-stroll": "캐나다 출신 \n1998년 10월 29일 출생 \n아버지가 에스턴마틴 회장",
  "fernando-alonso": "스페인 출신\n1981년 7월 29일 출생 \nF1에서 최연장자이다. ",
  "pierre-gasly": "프랑스 출신 \n1996년 2월 7일 출생",
  "jack-doohan": "호주 출신 \n현재 사고로 활동 X",
  "oliver-bearman": "영국 출신\n2005년 5월 8일 출생",
  "esteban-ocon": "프랑스 출신\n1996년 9월 17일생",
  "nico-hulkenberg": "독일 출신\n1987년 8월 19일 출생 \n 최근 영국 그랑프리에서 처음으로 포디움을 달성함",
  "gabriel-bortoleto": "",
  "yuki-tsunoda": "",
  "liam-lawson": ""
}