[
  {
    "circuit_short_name": "sakhir",
    "points": {
      "img": [{"x": 732, "y": 422}, {"x": 372, "y": 232}, {"x": 260, "y": 702}],
      "telemetry": [{"x": -77, "y": -1999}, {"x": -2115, "y": 1425}, {"x": 1640, "y": 669}]
    }
  },
  {
    "circuit_short_name": "jeddah",
    "points": {
      "img": [{"x": 845, "y": 725}, {"x": 228, "y": 556}, {"x": 418, "y": 175}],
      "telemetry": [{"x": 2043, "y": -2818}, {"x": -3011, "y": 222}, {"x": -1023, "y": 2893}]
    }
  },
  {
    "circuit_short_name": "melbourne",
    "points": {
      "img": [{"x": 805, "y": 428}, {"x": 200, "y": 650}, {"x": 480, "y": 150}],
      "telemetry": [{"x": 1621, "y": -1148}, {"x": -2542, "y": 583}, {"x": -23, "y": 1941}]
    }
  },
  {
    "circuit_short_name": "suzuka",
    "points": {
      "img": [{"x": 815, "y": 580}, {"x": 210, "y": 710}, {"x": 410, "y": 230}],
      "telemetry": [{"x": 1150, "y": -2840}, {"x": -2500, "y": 200}, {"x": -1500, "y": 2500}]
    }
  },
  {
    "circuit_short_name": "shanghai",
    "points": {
      "img": [{"x": 788, "y": 425}, {"x": 238, "y": 748}, {"x": 506, "y": 149}],
      "telemetry": [{"x": 1261, "y": -2248}, {"x": -2742, "y": -1183}, {"x": -1023, "y": 1941}]
    }
  },
  {
    "circuit_short_name": "miami",
    "points": {
      "img": [{"x": 830, "y": 450}, {"x": 170, "y": 700}, {"x": 450, "y": 180}],
      "telemetry": [{"x": 1500, "y": -2000}, {"x": -2800, "y": 800}, {"x": -500, "y": 2200}]
    }
  },
  {
    "circuit_short_name": "imola",
    "points": {
      "img": [{"x": 750, "y": 600}, {"x": 250, "y": 750}, {"x": 400, "y": 200}],
      "telemetry": [{"x": 1000, "y": -2500}, {"x": -2000, "y": 500}, {"x": -1000, "y": 2800}]
    }
  },
  {
    "circuit_short_name": "monte-carlo",
    "points": {
      "img": [{"x": 800, "y": 400}, {"x": 200, "y": 600}, {"x": 500, "y": 150}],
      "telemetry": [{"x": 1200, "y": -1500}, {"x": -1500, "y": 1000}, {"x": 0, "y": 2000}]
    }
  },
  {
    "circuit_short_name": "montreal",
    "points": {
      "img": [{"x": 850, "y": 500}, {"x": 150, "y": 650}, {"x": 550, "y": 250}],
      "telemetry": [{"x": 2000, "y": -1000}, {"x": -2500, "y": 1200}, {"x": 500, "y": 1500}]
    }
  },
  {
    "circuit_short_name": "catalunya",
    "points": {
      "img": [{"x": 780, "y": 480}, {"x": 220, "y": 700}, {"x": 480, "y": 200}],
      "telemetry": [{"x": 1500, "y": -2200}, {"x": -2600, "y": 500}, {"x": -800, "y": 2400}]
    }
  },
  {
    "circuit_short_name": "spielberg",
    "points": {
      "img": [{"x": 700, "y": 350}, {"x": 300, "y": 700}, {"x": 500, "y": 150}],
      "telemetry": [{"x": 800, "y": -1800}, {"x": -1800, "y": 1000}, {"x": -200, "y": 2200}]
    }
  },
  {
    "circuit_short_name": "silverstone",
    "points": {
      "img": [{"x": 750, "y": 650}, {"x": 250, "y": 500}, {"x": 550, "y": 200}],
      "telemetry": [{"x": 1200, "y": -2000}, {"x": -2200, "y": 1500}, {"x": 200, "y": 2500}]
    }
  },
  {
    "circuit_short_name": "hungaroring",
    "points": {
      "img": [{"x": 770, "y": 430}, {"x": 230, "y": 680}, {"x": 470, "y": 180}],
      "telemetry": [{"x": 1300, "y": -2100}, {"x": -2700, "y": 700}, {"x": -900, "y": 2300}]
    }
  },
  {
    "circuit_short_name": "spa-francorchamps",
    "points": {
      "img": [{"x": 800, "y": 700}, {"x": 200, "y": 550}, {"x": 500, "y": 150}],
      "telemetry": [{"x": 1500, "y": -2500}, {"x": -2500, "y": 2000}, {"x": 0, "y": 3000}]
    }
  },
  {
    "circuit_short_name": "zandvoort",
    "points": {
      "img": [{"x": 680, "y": 380}, {"x": 280, "y": 680}, {"x": 520, "y": 130}],
      "telemetry": [{"x": 900, "y": -1700}, {"x": -1900, "y": 1200}, {"x": -300, "y": 2100}]
    }
  },
  {
    "circuit_short_name": "monza",
    "points": {
      "img": [{"x": 720, "y": 400}, {"x": 280, "y": 720}, {"x": 480, "y": 120}],
      "telemetry": [{"x": 1000, "y": -2000}, {"x": -2000, "y": 800}, {"x": -500, "y": 2500}]
    }
  },
  {
    "circuit_short_name": "baku",
    "points": {
      "img": [{"x": 820, "y": 450}, {"x": 180, "y": 650}, {"x": 520, "y": 200}],
      "telemetry": [{"x": 1800, "y": -1800}, {"x": -2800, "y": 1000}, {"x": -200, "y": 2200}]
    }
  },
  {
    "circuit_short_name": "marina-bay",
    "points": {
      "img": [{"x": 760, "y": 460}, {"x": 260, "y": 760}, {"x": 460, "y": 160}],
      "telemetry": [{"x": 1200, "y": -2300}, {"x": -2400, "y": -1000}, {"x": -1200, "y": 2000}]
    }
  },
  {
    "circuit_short_name": "austin",
    "points": {
      "img": [{"x": 790, "y": 550}, {"x": 210, "y": 730}, {"x": 510, "y": 210}],
      "telemetry": [{"x": 1600, "y": -2400}, {"x": -2700, "y": 300}, {"x": -1100, "y": 2500}]
    }
  },
  {
    "circuit_short_name": "rodriguez",
    "points": {
      "img": [{"x": 740, "y": 360}, {"x": 240, "y": 710}, {"x": 540, "y": 110}],
      "telemetry": [{"x": 1100, "y": -1900}, {"x": -2500, "y": -500}, {"x": -1300, "y": 2100}]
    }
  },
  {
    "circuit_short_name": "interlagos",
    "points": {
      "img": [{"x": 710, "y": 410}, {"x": 290, "y": 740}, {"x": 490, "y": 140}],
      "telemetry": [{"x": 1000, "y": -2200}, {"x": -2100, "y": -800}, {"x": -1500, "y": 2200}]
    }
  },
  {
    "circuit_short_name": "las-vegas",
    "points": {
      "img": [{"x": 810, "y": 490}, {"x": 190, "y": 690}, {"x": 530, "y": 190}],
      "telemetry": [{"x": 1700, "y": -2100}, {"x": -2900, "y": 600}, {"x": -1000, "y": 2400}]
    }
  },
  {
    "circuit_short_name": "losail",
    "points": {
      "img": [{"x": 750, "y": 440}, {"x": 250, "y": 740}, {"x": 450, "y": 140}],
      "telemetry": [{"x": 1200, "y": -2200}, {"x": -2500, "y": -900}, {"x": -1300, "y": 2100}]
    }
  },
  {
    "circuit_short_name": "yas-marina",
    "points": {
      "img": [{"x": 770, "y": 470}, {"x": 270, "y": 770}, {"x": 470, "y": 170}],
      "telemetry": [{"x": 1400, "y": -2300}, {"x": -2300, "y": -700}, {"x": -1400, "y": 2200}]
    }
  }
]