{
  "info": {
    "driverId": "stroll",
    "slug": "lance-stroll",
    "full_name": "Lance Stroll",
    "number": "18",
    "code": "STR",
    "nationality": "Canadian",
    "photo_src": "/images/drivers/18.png",
    "team_name": "Aston Martin",
    "team_colour": "#229971"
  },
  "season": {
    "gp_races": 18,
    "gp_points": 28.0,
    "gp_podiums": 0,
    "gp_top10": 5,
    "dnfs": 8,
    "season_position": "13",
    "season_points": "32"
  },
  "career": {
    "gp_entered": 100,
    "career_points": 176.0,
    "podiums": 3,
    "dnfs": 19,
    "poles": 0,
    "best_finish": 3,
    "best_grid": 1,
    "titles": 0
  }
}