{
  "info": {
    "driverId": "lawson",
    "slug": "liam-lawson",
    "full_name": "Liam Lawson",
    "number": "30",
    "code": "LAW",
    "nationality": "New Zealander",
    "photo_src": "/images/drivers/30.png",
    "team_name": "RB F1 Team",
    "team_colour": "#FFFFFF"
  },
  "season": {
    "gp_races": 19,
    "gp_points": 30.0,
    "gp_podiums": 0,
    "gp_top10": 5,
    "dnfs": 6,
    "season_position": "14",
    "season_points": "30"
  },
  "career": {
    "gp_entered": 30,
    "career_points": 36.0,
    "podiums": 0,
    "dnfs": 9,
    "poles": 0,
    "best_finish": 5,
    "best_grid": 3,
    "titles": 0
  }
}