{
  "info": {
    "driverId": "albon",
    "slug": "alexander-albon",
    "full_name": "Alexander Albon",
    "number": "23",
    "code": "ALB",
    "nationality": "Thai",
    "photo_src": "/images/drivers/23.png",
    "team_name": "Williams",
    "team_colour": "#64C4FF"
  },
  "season": {
    "gp_races": 19,
    "gp_points": 70.0,
    "gp_podiums": 0,
    "gp_top10": 11,
    "dnfs": 6,
    "season_position": "8",
    "season_points": "73"
  },
  "career": {
    "gp_entered": 100,
    "career_points": 238.0,
    "podiums": 2,
    "dnfs": 27,
    "poles": 0,
    "best_finish": 3,
    "best_grid": 4,
    "titles": 0
  }
}