{
  "info": {
    "driverId": "sainz",
    "slug": "carlos-sainz",
    "full_name": "Carlos Sainz",
    "number": "55",
    "code": "SAI",
    "nationality": "Spanish",
    "photo_src": "/images/drivers/55.png",
    "team_name": "Williams",
    "team_colour": "#64C4FF"
  },
  "season": {
    "gp_races": 19,
    "gp_points": 29.0,
    "gp_podiums": 1,
    "gp_top10": 8,
    "dnfs": 8,
    "season_position": "11",
    "season_points": "38"
  },
  "career": {
    "gp_entered": 100,
    "career_points": 251.0,
    "podiums": 0,
    "dnfs": 25,
    "poles": 4,
    "best_finish": 4,
    "best_grid": 5,
    "titles": 0
  }
}