{
  "info": {
    "driverId": "alonso",
    "slug": "fernando-alonso",
    "full_name": "Fernando Alonso",
    "number": "14",
    "code": "ALO",
    "nationality": "Spanish",
    "photo_src": "/images/drivers/14.png",
    "team_name": "Aston Martin",
    "team_colour": "#229971"
  },
  "season": {
    "gp_races": 19,
    "gp_points": 37.0,
    "gp_podiums": 0,
    "gp_top10": 8,
    "dnfs": 6,
    "season_position": "12",
    "season_points": "37"
  },
  "career": {
    "gp_entered": 100,
    "career_points": 460.0,
    "podiums": 45,
    "dnfs": 23,
    "poles": 32,
    "best_finish": 1,
    "best_grid": 1,
    "titles": 2
  }
}