{
  "info": {
    "driverId": "doohan",
    "slug": "jack-doohan",
    "full_name": "Jack Doohan",
    "number": "7",
    "code": "DOO",
    "nationality": "Australian",
    "photo_src": "/images/drivers/7.png",
    "team_name": "Alpine F1 Team",
    "team_colour": "#FFFFFF"
  },
  "season": {
    "gp_races": 6,
    "gp_points": 0.0,
    "gp_podiums": 0,
    "gp_top10": 0,
    "dnfs": 3,
    "season_position": "21",
    "season_points": "0"
  },
  "career": {
    "gp_entered": 7,
    "career_points": 0.0,
    "podiums": 0,
    "dnfs": 4,
    "poles": 0,
    "best_finish": 13,
    "best_grid": 11,
    "titles": 0
  }
}