{
  "info": {
    "driverId": "hamilton",
    "slug": "lewis-hamilton",
    "full_name": "Lewis Hamilton",
    "number": "44",
    "code": "HAM",
    "nationality": "British",
    "photo_src": "/images/drivers/44.png",
    "team_name": "Ferrari",
    "team_colour": "#E8002D"
  },
  "season": {
    "gp_races": 19,
    "gp_points": 123.0,
    "gp_podiums": 0,
    "gp_top10": 16,
    "dnfs": 3,
    "season_position": "6",
    "season_points": "142"
  },
  "career": {
    "gp_entered": 100,
    "career_points": 815.0,
    "podiums": 46,
    "dnfs": 15,
    "poles": 105,
    "best_finish": 1,
    "best_grid": 1,
    "titles": 7
  }
}